{
  "upi_monthly_txn_count": 0.0011265968205407262,
  "upi_avg_monthly_inflow": 0.0038734483532607555,
  "upi_avg_monthly_outflow": 0.0011328770779073238,
  "upi_merchant_diversity": 0.01006160769611597,
  "upi_salary_regularity": 0.4477045238018036,
  "upi_savings_ratio": 0.0022546257823705673,
  "upi_large_txn_flag": 0.0006941621541045606,
  "monthly_income_est": 0.0037888246588408947,
  "income_stability_score": 0.028886139392852783,
  "job_tenure_months": 0.00276368809863925,
  "has_employer_epf": 0.0006427767802961171,
  "income_growth_trend": 0.001114281010814011,
  "rent_payment_on_time_rate": 0.06802602857351303,
  "utility_on_time_rate": 0.4010053873062134,
  "rental_tenure_months": 0.0017473726766183972,
  "has_rental_agreement": 0.0011606678599491715,
  "bill_types_paid": 0.0011552318464964628,
  "location_stability_score": 0.01373914536088705,
  "app_usage_tier": 0.004303912632167339,
  "sim_tenure_months": 0.0017176266992464662,
  "night_txn_ratio": 0.001309565152041614,
  "employment_type_enc": 0.0007483417866751552,
  "device_type_enc": 0.0010431776754558086
}